,classes_name,header,news_url,pubtime
0,天下,印度最高法院推翻150年禁令 同性恋性行为不再是犯罪,https://www.jiemian.com/article/2450332.html,2018-09-06 20:41:24
1,天下,印尼盾创20年新低政府放招 中国使馆：勿携大量外币出入,https://www.jiemian.com/article/2450032.html,2018-09-06 20:41:24
2,天下,养老靠自己的社会，正在韩国预演,https://www.jiemian.com/article/2449850.html,2018-09-06 20:41:24
3,天下,巴西国博镇馆之宝逃过一劫？美洲最早人类化石命运未卜,https://www.jiemian.com/article/2449210.html,2018-09-06 20:41:24
4,天下,雷曼兄弟事件十年：经验教训与未来挑战,https://www.jiemian.com/article/2448127.html,2018-09-06 20:41:24
5,天下,特朗普任内实现无核化？金正恩：请韩方帮我给美国带个话,https://www.jiemian.com/article/2449472.html,2018-09-06 20:41:24
6,天下,韩国检方要求对77岁前总统李明博判刑20年,https://www.jiemian.com/article/2449450.html,2018-09-06 20:41:24
7,天下,俄军打响最后一战 叙反对派据点伊德利卜终将成修罗场？,https://www.jiemian.com/article/2449263.html,2018-09-06 20:41:24
8,中国,教育部：切实提高风险防范能力 警惕“校园贷”卷土重来,https://www.jiemian.com/article/2450623.html,2018-09-06 20:41:24
9,中国,【界面晚报】11年后平壤再迎韩国总统 教育部回应湖南耒阳学生“分流”,https://www.jiemian.com/article/2449869.html,2018-09-06 20:41:24
10,中国,地方新闻精选| 四川峨眉山跳崖女子遗体被认领 “舍身崖”景点成为自杀高发地,https://www.jiemian.com/article/2450314.html,2018-09-06 20:41:24
11,中国,湖南新化民警陈建湘持枪杀人案开庭审理 被围捕中曾开枪自杀,https://www.jiemian.com/article/2450303.html,2018-09-06 20:41:24
12,中国,直通部委| 全国政府网站将统一域名后缀 发改委：民间投资已成中国投资主力军,https://www.jiemian.com/article/2450100.html,2018-09-06 20:41:24
13,中国,国防部回应英军舰擅闯西沙领海：采取一切必要措施捍卫主权安全,https://www.jiemian.com/article/2450119.html,2018-09-06 20:41:24
14,中国,农业农村部一天通报4起非洲猪瘟疫情 分别位于安徽和黑龙江省,https://www.jiemian.com/article/2450108.html,2018-09-06 20:41:25
15,中国,山东寿光排涝抢险结束 其他省市增援力量凌晨悄悄撤离,https://www.jiemian.com/article/2449904.html,2018-09-06 20:41:25
16,宏观,国务院：研究降低社保费率 创投基金税负总体不增,https://www.jiemian.com/article/2450428.html,2018-09-06 20:41:25
17,宏观,李克强主持国务院常务会议，确定落实新修订个税法配套措施,https://www.jiemian.com/article/2450394.html,2018-09-06 20:41:25
18,宏观,【财经数据】外资连续18个月增持人民币债券,https://www.jiemian.com/article/2450044.html,2018-09-06 20:41:25
19,宏观,商务部回应美拟对华2000亿输美商品征税：将视美方行动采取必要反制,https://www.jiemian.com/article/2449722.html,2018-09-06 20:41:25
20,最热,1上海警方破获特大涉税案 200人团伙控制1600余家公司虚开发票10亿元,https://www.jiemian.com/article/2448770.html,2018-09-06 20:41:25
21,最热,2刘强东美国律师力求撤案未果，京东或面临集体诉讼索赔,https://www.jiemian.com/article/2448645.html,2018-09-06 20:41:25
22,最热,3明尼苏达警方称刘强东是因被中国女留学生指控强奸而被捕,https://www.jiemian.com/article/2445180.html,2018-09-06 20:41:25
23,最热,4纽约时报登白宫高官“讨特檄文” 特朗普：把他交出来！,https://www.jiemian.com/article/2448918.html,2018-09-06 20:41:25
24,最热,5范冰冰“消失”近100天，各种传闻蔓延，这家上市公司股价“腰斩”,https://www.jiemian.com/article/2443796.html,2018-09-06 20:41:25
25,最热,630年里的三个家庭：在中国，养育二孩是个心理挑战,https://www.jiemian.com/article/2443667.html,2018-09-06 20:41:25
26,最热,725年一遇超强台风袭击日本 关西机场浸水半米冲击旅游业,https://www.jiemian.com/article/2444619.html,2018-09-06 20:41:25
27,最热,8【特写】雀巢咖啡在中国的下半场,https://www.jiemian.com/article/2449105.html,2018-09-06 20:41:25
28,最热,9失实的不只是京东声明：亚洲一号仓库自动化率90%？,https://www.jiemian.com/article/2446319.html,2018-09-06 20:41:25
29,最热,10疑犯一级强奸罪，刘强东可能面临12年监禁？,https://www.jiemian.com/article/2444918.html,2018-09-06 20:41:25
30,媒体,【评论】20年，只有谷歌曾经不同,https://www.jiemian.com/article/2448924.html,2018-09-06 20:41:25
31,媒体,【界面评论】社保费征管要改革 更要考虑中小企业生存空间,https://www.jiemian.com/article/2441445.html,2018-09-06 20:41:25
32,媒体,从 00 年的互联网泡沫到 18 年的估值倒挂,https://www.jiemian.com/article/2437707.html,2018-09-06 20:41:25
33,媒体,顺风车应该如何重新设计？,https://www.jiemian.com/article/2436209.html,2018-09-06 20:41:25
34,媒体,【评论】创投征收35%所得税 是纠错还是犯错？,https://www.jiemian.com/article/2435022.html,2018-09-06 20:41:25
35,媒体,创投税率重回35% 可怕的不是当下而是未来,https://www.jiemian.com/article/2431544.html,2018-09-06 20:41:25
